<?xml version="1.0" encoding="UTF-8"?>
<beans xmlns="http://www.springframework.org/schema/beans"
	xmlns:xsi="http://www.w3.org/2001/XMLSchema-instance"
	xsi:schemaLocation="http://www.springframework.org/schema/beans https://www.springframework.org/schema/beans/spring-beans.xsd">
	
	<!-- Root Context: defines shared resources visible to all other web components -->
	
	<!-- 스프링 작업 시 설정 파일을 설정하는 공간 ==> 주로 DB 연동  -->
	
	<!-- 1. c3p0 커넥션풀 DataSource 클래스 설정 -->
	<bean name="dataSource"
	   class="com.mchange.v2.c3p0.ComboPooledDataSource">
	   <property name="driverClass" value="oracle.jdbc.driver.OracleDriver" />
	   <property name="jdbcUrl" value="jdbc:oracle:thin:@localhost:1521:XE" />
	   <property name="user" value="web" />
	   <property name="password" value="1234" />
	   <property name="initialPoolSize" value="10" />
	</bean>
	
	<!-- 2. SqlSessionFactoryBean 클래스 설정 -->
	<bean name="sqlSessionFactory" 
	   class="org.mybatis.spring.SqlSessionFactoryBean">
		<property name="dataSource" ref="dataSource" />
		<property name="mapperLocations" value="classpath:/mapper/*.xml" />
	</bean>
	
	<!-- 3. SqlSessionTemplate 클래스 설정 -->
	<bean name="sqlSession"
	   class="org.mybatis.spring.SqlSessionTemplate">
		<constructor-arg ref="sqlSessionFactory" />
	</bean>
	
	<!-- 파일 업로드 관련 설정 -->
	<bean id="multipartResolver"
		class="org.springframework.web.multipart.commons.CommonsMultipartResolver">
		<property name="maxInMemorySize" value="10485760" /> <!-- 10MB -->
		<property name="defaultEncoding" value="UTF-8" />
	</bean>	
</beans>
